{
  "best_threshold": 0.125618255547057,
  "best_f1": 0.5214408228450224,
  "best_model": "Stacking"
}